Workers,DurationSeconds
1,1137.0161467
2,564.4233919
3,379.4733611
4,339.3703677
5,328.3471749
6,285.7089593